{
  "vocals_std": {
    "avg": 121.84158726533254,
    "count": 6
  },
  "vocals_ultra": {
    "avg": 1019.5910725752512,
    "count": 15
  },
  "stems_4": {
    "avg": 130,
    "count": 1
  },
  "stems_6": {
    "avg": 142.42711782455444,
    "count": 2
  }
}