{
  "vocals_std": {
    "avg": 143.3881455898285,
    "count": 5
  },
  "vocals_ultra": {
    "avg": 893.1109346449375,
    "count": 8
  },
  "stems_4": {
    "avg": 130,
    "count": 1
  },
  "stems_6": {
    "avg": 142.42711782455444,
    "count": 2
  }
}