{
  "vocals_std": {
    "avg": 107.95560494065285,
    "count": 8
  },
  "vocals_ultra": {
    "avg": 976.5705901831388,
    "count": 16
  },
  "stems_4": {
    "avg": 130,
    "count": 1
  },
  "stems_6": {
    "avg": 142.42711782455444,
    "count": 2
  }
}