{
  "vocals_std": {
    "avg": 141.63756957921115,
    "count": 11
  },
  "vocals_ultra": {
    "avg": 1009.8738261991077,
    "count": 18
  },
  "stems_4": {
    "avg": 130,
    "count": 1
  },
  "stems_6": {
    "avg": 142.42711782455444,
    "count": 2
  }
}